Campaign_ID,Platform,Niche,Influencer_Tier,Followers,Likes,Comments,Shares,Engagement_Rate,Campaign_Cost,Revenue,Campaign_Duration_Days,Post_Frequency,ROI
CAMP001,YouTube,Fashion,Micro,23234,1457,111,76,6.99,61132.0,147499.43,27,10,1.4128
CAMP002,Instagram,Beauty,Mega,2733309,48176,4942,3492,2.34,1300554.0,2716938.16,67,4,1.0891
CAMP003,Instagram,Fashion,Macro,871253,26106,1862,1071,3.47,142507.0,244931.48,69,10,0.7187
CAMP004,TikTok,Fashion,Micro,20954,638,22,33,3.06,73648.0,185893.78,58,5,1.5241
CAMP005,YouTube,Beauty,Nano,8418,839,85,45,10.16,13927.0,36322.01,31,5,1.608
CAMP006,Instagram,Travel,Nano,6124,291,14,15,6.67,8905.0,21070.1,61,6,1.3661
CAMP007,Instagram,Fashion,Nano,2015,87,5,5,5.77,4834.0,11327.85,52,14,1.3434
CAMP008,TikTok,Beauty,Macro,932672,28348,1271,755,4.11,370316.0,770121.98,38,10,1.0796
CAMP009,Instagram,Fitness,Micro,40105,1642,98,75,4.46,22190.0,50628.18,61,12,1.2816
CAMP010,Instagram,Food,Macro,194270,5877,577,102,3.2,328933.0,517444.08,11,10,0.5731
CAMP011,YouTube,Food,Nano,5158,262,20,10,6.64,3307.0,6417.83,42,13,0.9407
CAMP012,TikTok,Fashion,Mega,3118324,59496,2882,2626,2.24,1659662.0,2130903.62,55,13,0.2839
CAMP013,TikTok,Travel,Macro,765755,19760,2154,1100,2.71,254037.0,494559.36,64,11,0.9468
CAMP014,Instagram,Travel,Nano,7938,870,95,67,11.91,12403.0,37240.93,45,6,2.0026
CAMP015,TikTok,Fitness,Nano,5784,399,43,21,7.99,12101.0,30036.0,86,8,1.4821
CAMP016,Instagram,Fashion,Nano,5000,337,17,21,7.69,5730.0,16839.31,67,8,1.9388
CAMP017,Instagram,Food,Micro,88477,5981,422,272,7.93,73931.0,169358.3,15,11,1.2908
CAMP018,TikTok,Travel,Micro,52533,1538,182,84,3.71,40235.0,86042.41,12,9,1.1385
CAMP019,YouTube,Fashion,Micro,11828,565,56,8,5.49,15159.0,24441.15,41,8,0.6123
CAMP020,TikTok,Gaming,Micro,11917,658,21,18,6.09,27145.0,53045.68,45,13,0.9542
CAMP021,TikTok,Travel,Micro,30618,1917,69,68,6.51,30373.0,73782.55,28,11,1.4292
CAMP022,YouTube,Beauty,Nano,9175,647,46,28,7.92,12037.0,31677.06,47,2,1.6316
CAMP023,Instagram,Gaming,Micro,57362,1624,182,21,3.05,54323.0,91665.35,11,14,0.6874
CAMP024,Instagram,Travel,Micro,30128,1043,82,21,4.63,31237.0,60423.61,48,14,0.9344
CAMP025,Instagram,Food,Micro,69383,3252,243,96,5.59,56971.0,82713.37,87,12,0.4519
CAMP026,Instagram,Tech,Macro,306524,5795,229,452,2.69,212473.0,345521.11,82,10,0.6262
CAMP027,Twitter,Gaming,Nano,8140,389,35,13,6.17,13924.0,34436.19,86,12,1.4732
CAMP028,Instagram,Fitness,Micro,97958,2850,296,125,3.17,46566.0,95324.42,73,11,1.0471
CAMP029,TikTok,Fitness,Micro,19865,672,43,16,3.39,61101.0,124601.21,36,1,1.0393
CAMP030,YouTube,Food,Nano,5178,438,44,23,11.6,11702.0,31360.3,63,10,1.6799
CAMP031,TikTok,Travel,Micro,49809,1496,175,44,3.66,70998.0,132682.86,79,2,0.8688
CAMP032,YouTube,Fashion,Nano,7600,661,32,16,9.25,9684.0,20925.88,35,2,1.1609
CAMP033,YouTube,Travel,Nano,6997,458,35,21,8.59,11168.0,29467.12,43,12,1.6385
CAMP034,YouTube,Food,Mega,2531191,27197,1519,282,1.24,1985255.0,3558349.58,19,3,0.7924
CAMP035,Instagram,Fitness,Mega,1415008,8331,844,88,0.64,1230031.0,2165847.86,38,10,0.7608
CAMP036,TikTok,Travel,Macro,551282,16389,1344,415,3.36,288475.0,468940.94,52,7,0.6256
CAMP037,Instagram,Fitness,Micro,29216,778,68,10,3.52,20585.0,20392.79,29,2,-0.0093
CAMP038,Instagram,Gaming,Nano,6565,554,56,10,10.46,12386.0,36970.49,51,14,1.9849
CAMP039,YouTube,Fashion,Macro,159676,6107,401,206,4.09,346010.0,594260.07,23,1,0.7175
CAMP040,Instagram,Gaming,Micro,46258,1266,142,84,3.16,53814.0,79154.46,72,14,0.4709
CAMP041,Twitter,Fitness,Nano,4419,365,28,18,11.78,7867.0,23250.07,12,6,1.9554
CAMP042,Twitter,Fitness,Micro,93524,2830,125,130,3.26,30649.0,51159.16,24,9,0.6692
CAMP043,Twitter,Tech,Nano,1249,102,9,3,11.49,14869.0,45692.06,28,3,2.073
CAMP044,Instagram,Tech,Mega,4026768,51331,5205,3861,1.38,918458.0,1731111.82,39,6,0.8848
CAMP045,Instagram,Gaming,Micro,52929,2960,173,112,7.35,60409.0,151531.61,36,3,1.5084
CAMP046,Twitter,Beauty,Macro,249521,7983,855,128,3.24,466721.0,596291.02,87,14,0.2776
CAMP047,YouTube,Gaming,Micro,18567,1055,118,56,7.01,61154.0,164246.04,38,13,1.6858
CAMP048,Twitter,Tech,Micro,80792,3030,166,54,4.7,22016.0,45672.2,48,1,1.0745
CAMP049,Twitter,Fitness,Micro,75441,3972,471,136,7.07,29027.0,59774.99,84,14,1.0593
CAMP050,TikTok,Food,Nano,8901,755,32,34,10.71,13680.0,35955.9,16,13,1.6284
CAMP051,Instagram,Gaming,Mega,2736857,16341,787,1163,0.62,1110032.0,945198.8,42,12,-0.1485
CAMP052,Instagram,Fitness,Macro,237717,10377,483,462,4.37,109336.0,229656.02,40,5,1.1005
CAMP053,TikTok,Food,Mega,1656884,19069,2106,1128,1.42,868226.0,1068136.25,79,10,0.2303
CAMP054,Instagram,Food,Macro,662288,11552,1027,918,2.09,135350.0,158079.58,34,14,0.1679
CAMP055,Instagram,Tech,Micro,15951,909,40,17,6.22,38545.0,58320.76,17,13,0.5131
CAMP056,YouTube,Gaming,Mega,3790416,22698,1580,663,0.62,1175673.0,2359664.3,84,11,1.0071
CAMP057,Twitter,Travel,Nano,7996,782,67,29,11.14,8642.0,20414.95,45,4,1.3623
CAMP058,TikTok,Fashion,Nano,5673,318,12,13,6.86,5825.0,16307.04,53,7,1.7995
CAMP059,YouTube,Tech,Nano,5530,269,29,10,5.91,5536.0,10389.3,25,6,0.8767
CAMP060,Instagram,Tech,Micro,40523,1561,160,115,4.24,59757.0,74161.83,21,10,0.2411
CAMP061,YouTube,Travel,Micro,98861,2633,199,158,3.8,41917.0,60083.42,34,7,0.4334
CAMP062,Twitter,Fashion,Micro,96740,6307,738,331,7.36,37736.0,103031.53,30,5,1.7303
CAMP063,Instagram,Fitness,Macro,410914,5966,403,189,1.8,261196.0,422521.29,78,4,0.6176
CAMP064,YouTube,Beauty,Micro,29282,2165,257,146,7.88,77551.0,160428.6,15,7,1.0687
CAMP065,TikTok,Gaming,Micro,33930,1156,104,89,4.68,73161.0,148663.69,53,7,1.032
CAMP066,TikTok,Beauty,Micro,10077,345,30,23,3.91,29087.0,60841.66,39,6,1.0917
CAMP067,TikTok,Fitness,Nano,5261,349,16,4,7.86,14014.0,38299.69,68,8,1.733
CAMP068,TikTok,Tech,Macro,837334,29227,3197,1594,3.91,459039.0,1134009.8,25,4,1.4704
CAMP069,Instagram,Fashion,Nano,6115,300,21,4,6.82,11094.0,22610.6,73,10,1.0381
CAMP070,Instagram,Tech,Mega,2548459,24723,1103,693,1.11,1535891.0,1659654.52,80,5,0.0806
CAMP071,TikTok,Food,Macro,752465,21761,678,308,3.33,369750.0,616600.25,46,4,0.6676
CAMP072,TikTok,Tech,Nano,4177,202,16,11,5.57,5119.0,11062.73,53,12,1.1611
CAMP073,TikTok,Tech,Nano,8730,503,39,29,6.54,12750.0,22548.33,71,1,0.7685
CAMP074,Twitter,Fitness,Macro,997336,24675,2338,444,2.74,320853.0,446351.33,35,12,0.3911
CAMP075,YouTube,Fitness,Macro,307606,5416,596,200,1.87,334595.0,610473.65,56,8,0.8245
CAMP076,YouTube,Fitness,Macro,605815,9651,359,405,2.04,256743.0,432493.61,19,1,0.6845
CAMP077,TikTok,Beauty,Macro,392822,13176,1263,472,3.54,170306.0,317981.53,7,5,0.8671
CAMP078,YouTube,Food,Nano,7327,520,24,10,8.36,4384.0,8910.93,40,6,1.0326
CAMP079,TikTok,Fitness,Micro,82101,1870,201,74,3.15,47402.0,81666.05,54,6,0.7228
CAMP080,TikTok,Fashion,Nano,6449,498,52,31,10.77,9742.0,21503.58,83,13,1.2073
CAMP081,TikTok,Beauty,Macro,436199,6353,500,95,1.82,172769.0,352116.93,54,5,1.0381
CAMP082,Instagram,Travel,Micro,28574,1962,184,31,7.34,20793.0,55061.94,55,3,1.6481
CAMP083,Instagram,Fashion,Micro,19184,1162,68,40,6.64,52291.0,74542.12,70,5,0.4255
CAMP084,Instagram,Gaming,Nano,5164,332,24,25,6.87,11134.0,20210.39,67,12,0.8152
CAMP085,YouTube,Gaming,Micro,77728,3410,354,194,5.13,46331.0,65530.02,35,8,0.4144
CAMP086,Instagram,Fashion,Micro,44016,1732,124,100,4.73,31209.0,53460.72,45,14,0.713
CAMP087,YouTube,Fitness,Macro,139986,3282,204,116,3.15,315990.0,562975.62,32,2,0.7816
CAMP088,YouTube,Travel,Micro,55558,3522,262,182,7.94,40394.0,69241.05,23,6,0.7141
CAMP089,Instagram,Travel,Macro,447739,12638,1321,135,3.4,318083.0,467981.55,77,9,0.4713
CAMP090,YouTube,Beauty,Micro,46455,2477,149,135,7.34,40682.0,74546.39,19,8,0.8324
CAMP091,Instagram,Travel,Nano,7254,604,28,45,10.86,12719.0,33945.83,75,14,1.6689
CAMP092,Instagram,Gaming,Macro,427073,14874,1399,787,3.96,498184.0,958375.36,32,11,0.9237
CAMP093,TikTok,Food,Macro,697794,26662,2782,1897,4.15,178934.0,291001.26,55,8,0.6263
CAMP094,Instagram,Fitness,Micro,51157,2776,108,168,5.43,63695.0,134633.93,73,8,1.1137
CAMP095,Instagram,Travel,Macro,973559,20416,1053,376,2.14,499639.0,747124.17,13,13,0.4953
CAMP096,YouTube,Beauty,Micro,93122,6235,267,456,7.5,79178.0,169546.86,64,7,1.1413
CAMP097,TikTok,Gaming,Micro,34519,1458,89,21,5.11,59452.0,159354.0,55,8,1.6804
CAMP098,Instagram,Food,Micro,97487,3804,268,180,4.38,58408.0,144512.16,59,13,1.4742
CAMP099,YouTube,Tech,Nano,9472,461,45,9,5.2,7929.0,11894.83,71,6,0.5002
CAMP100,Instagram,Tech,Nano,2887,229,20,2,10.78,12559.0,36545.35,68,2,1.9099
CAMP101,Instagram,Food,Nano,4266,207,18,8,5.9,14413.0,34801.03,23,2,1.4146
CAMP102,YouTube,Gaming,Micro,15408,896,55,27,6.11,49716.0,82115.65,49,8,0.6517
CAMP103,YouTube,Beauty,Micro,69379,3484,368,153,6.16,77368.0,189049.56,31,11,1.4435
CAMP104,YouTube,Food,Micro,35053,2038,148,103,6.67,59859.0,166538.08,9,1,1.7822
CAMP105,TikTok,Fitness,Mega,1717912,17313,2045,226,1.15,932680.0,1087488.16,85,6,0.166
CAMP106,Twitter,Fitness,Nano,8570,700,61,13,10.82,13944.0,30885.94,35,13,1.215
CAMP107,YouTube,Tech,Micro,61356,3746,155,184,7.55,79119.0,210619.89,38,6,1.6621
CAMP108,Instagram,Travel,Macro,147057,3966,360,135,3.37,419384.0,815952.72,32,11,0.9456
CAMP109,TikTok,Beauty,Nano,6585,327,19,20,7.01,11501.0,27850.71,22,4,1.4216
CAMP110,Instagram,Tech,Nano,5777,381,35,21,9.32,6152.0,15799.79,31,12,1.5682
CAMP111,YouTube,Travel,Micro,74484,2758,100,191,3.9,43694.0,89410.09,60,11,1.0463
CAMP112,Instagram,Travel,Nano,7677,565,26,33,9.42,9470.0,18101.06,34,13,0.9114
CAMP113,Instagram,Fitness,Mega,1945439,40107,4292,1608,2.41,914170.0,1974540.54,79,11,1.1599
CAMP114,Twitter,Gaming,Macro,808754,13730,693,784,2.15,460596.0,1005405.53,62,13,1.1828
CAMP115,TikTok,Fashion,Micro,77779,5615,591,164,7.35,30372.0,65094.6,71,10,1.1432
CAMP116,TikTok,Gaming,Macro,244931,2991,165,94,1.57,468455.0,768083.14,86,3,0.6396
CAMP117,YouTube,Fashion,Macro,543676,15457,1358,1008,3.43,289987.0,356845.53,47,13,0.2306
CAMP118,Instagram,Food,Nano,8240,819,76,34,10.33,6208.0,17001.86,57,11,1.7387
CAMP119,Instagram,Fitness,Macro,481009,14387,1095,948,3.14,329243.0,672585.17,77,3,1.0428
CAMP120,Instagram,Travel,Micro,56197,1623,93,110,3.82,48290.0,89680.5,84,13,0.8571
CAMP121,YouTube,Beauty,Macro,360910,9066,445,635,2.67,276416.0,612742.78,35,13,1.2167
CAMP122,TikTok,Fashion,Macro,123236,3385,112,251,3.28,112430.0,190497.92,89,1,0.6944
CAMP123,TikTok,Gaming,Micro,39486,1431,82,57,4.29,60486.0,130337.8,25,3,1.1548
CAMP124,Instagram,Travel,Nano,5143,218,19,7,5.72,3088.0,5138.85,72,4,0.6641
CAMP125,Twitter,Fashion,Nano,4644,389,45,20,11.56,5363.0,14193.6,47,11,1.6466
CAMP126,TikTok,Fashion,Micro,74435,4696,509,169,6.87,20832.0,44106.72,51,11,1.1173
CAMP127,YouTube,Fashion,Macro,330785,7610,753,396,2.71,98990.0,184232.58,21,5,0.8611
CAMP128,YouTube,Beauty,Macro,194914,4503,455,267,2.78,432414.0,704916.65,9,3,0.6302
CAMP129,YouTube,Fitness,Nano,1302,119,11,7,9.96,13150.0,32130.85,17,6,1.4434
CAMP130,Instagram,Beauty,Micro,24382,947,51,34,4.18,20842.0,46861.55,59,11,1.2484
CAMP131,Instagram,Tech,Micro,94291,2376,265,52,3.37,78115.0,129850.12,52,14,0.6623
CAMP132,TikTok,Travel,Nano,9717,637,58,26,7.42,11959.0,19126.86,36,12,0.5994
CAMP133,Instagram,Fitness,Nano,9150,634,51,13,9.35,14935.0,46818.74,63,5,2.1348
CAMP134,Instagram,Fitness,Micro,26478,1149,46,83,4.69,60968.0,153735.79,24,3,1.5216
CAMP135,Instagram,Fitness,Mega,2803740,16852,1184,577,0.67,1455230.0,1528129.63,57,6,0.0501
CAMP136,Instagram,Gaming,Micro,85683,4355,311,91,5.15,37005.0,84774.13,54,6,1.2909
CAMP137,TikTok,Fitness,Micro,81315,2485,268,29,4.24,69575.0,119864.51,72,14,0.7228
CAMP138,TikTok,Beauty,Macro,220674,2785,221,154,1.76,258634.0,460729.28,14,8,0.7814
CAMP139,YouTube,Fitness,Micro,24153,1238,80,68,6.53,33971.0,77137.6,28,2,1.2707
CAMP140,Instagram,Food,Mega,4433382,83180,9808,2815,2.41,765976.0,1261743.92,12,1,0.6472
CAMP141,YouTube,Travel,Mega,1281570,19643,785,295,1.98,1770459.0,2451189.39,82,4,0.3845
CAMP142,YouTube,Fitness,Micro,65318,2019,137,78,3.18,16378.0,25251.33,63,7,0.5418
CAMP143,Instagram,Travel,Micro,10814,560,19,18,6.68,67526.0,121649.66,42,11,0.8015
CAMP144,YouTube,Food,Micro,86077,4252,411,244,6.32,16519.0,29722.16,85,10,0.7993
CAMP145,Instagram,Food,Micro,12443,620,70,32,5.37,37161.0,74698.39,63,3,1.0101
CAMP146,YouTube,Travel,Nano,9172,749,41,27,9.78,6897.0,15116.13,55,3,1.1917
CAMP147,YouTube,Fashion,Micro,85916,5635,604,142,7.03,53861.0,133350.19,51,5,1.4758
CAMP148,Instagram,Tech,Micro,83319,3555,200,281,5.93,72570.0,195060.79,88,5,1.6879
CAMP149,Instagram,Gaming,Nano,7949,806,90,34,11.98,10605.0,26151.7,72,13,1.466
CAMP150,YouTube,Fashion,Micro,25328,725,71,42,4.03,69120.0,138154.42,83,10,0.9988
CAMP151,YouTube,Fashion,Mega,2931451,42774,4382,849,2.03,611435.0,1163483.79,51,3,0.9029
CAMP152,TikTok,Beauty,Nano,4086,244,8,11,6.15,3098.0,7137.18,85,9,1.3038
CAMP153,TikTok,Gaming,Nano,9152,717,84,9,10.56,5426.0,14033.71,26,4,1.5864
CAMP154,Instagram,Gaming,Micro,49915,2429,232,110,5.66,28324.0,66931.68,70,13,1.3631
CAMP155,Instagram,Fashion,Mega,1134055,22782,1308,1765,2.44,1346574.0,2608178.62,73,13,0.9369
CAMP156,YouTube,Fitness,Nano,2062,93,10,3,5.58,11101.0,17350.14,89,3,0.5629
CAMP157,Instagram,Beauty,Macro,422918,14316,792,182,3.49,438402.0,963021.2,9,11,1.1967
CAMP158,YouTube,Beauty,Macro,123752,2772,301,34,3.17,380549.0,826520.59,60,2,1.1719
CAMP159,Twitter,Food,Nano,7229,449,18,17,6.91,13948.0,26301.54,84,10,0.8857
CAMP160,YouTube,Gaming,Macro,248757,7135,666,151,2.9,419371.0,757038.1,70,13,0.8052
CAMP161,Instagram,Fashion,Micro,62329,2997,236,35,5.54,30887.0,71884.29,46,11,1.3273
CAMP162,YouTube,Food,Micro,37632,1185,46,75,3.21,44320.0,76996.0,65,9,0.7373
CAMP163,YouTube,Travel,Micro,75310,2016,104,85,3.74,35808.0,82472.67,61,4,1.3032
CAMP164,YouTube,Tech,Micro,65176,4267,133,129,7.93,67389.0,218242.58,68,3,2.2385
CAMP165,Twitter,Beauty,Nano,7168,528,38,39,9.47,7242.0,15444.33,10,7,1.1326
CAMP166,Instagram,Travel,Macro,307980,5945,340,108,2.1,303564.0,351400.27,66,8,0.1576
CAMP167,Twitter,Travel,Micro,78904,6089,511,468,7.76,77391.0,185547.05,81,11,1.3975
CAMP168,Twitter,Fitness,Nano,1232,114,6,4,11.89,7185.0,21394.24,36,14,1.9776
CAMP169,Instagram,Tech,Nano,7371,520,30,38,7.87,7776.0,17065.63,8,2,1.1947
CAMP170,Instagram,Travel,Micro,23718,949,92,50,5.27,42747.0,111497.18,68,7,1.6083
CAMP171,Instagram,Travel,Macro,418277,9239,317,627,2.54,321131.0,391316.65,55,12,0.2186
CAMP172,Instagram,Tech,Nano,7891,430,48,34,6.49,9913.0,24050.6,15,5,1.4262
CAMP173,Instagram,Tech,Micro,32116,2016,215,61,6.33,57156.0,108062.32,37,11,0.8907
CAMP174,TikTok,Travel,Nano,3472,293,26,23,9.56,9823.0,30881.07,67,5,2.1438
CAMP175,Instagram,Tech,Micro,11645,295,25,11,3.15,72505.0,189383.51,85,3,1.612
CAMP176,Instagram,Travel,Nano,6401,519,57,19,11.05,8465.0,19455.43,54,5,1.2983
CAMP177,TikTok,Travel,Macro,655941,9583,447,324,1.96,367995.0,543225.81,31,12,0.4762
CAMP178,Instagram,Fitness,Micro,63173,1945,72,93,4.01,40351.0,90581.34,42,2,1.2448
CAMP179,TikTok,Fashion,Mega,4271069,31458,1622,654,0.95,1945065.0,2801180.96,14,4,0.4401
CAMP180,Instagram,Travel,Nano,2460,260,26,13,11.08,4555.0,11796.7,79,6,1.5898
CAMP181,Instagram,Food,Micro,73374,2211,73,106,3.47,62377.0,115843.78,64,1,0.8572
CAMP182,TikTok,Beauty,Nano,2605,232,19,15,10.4,12534.0,22211.89,51,10,0.7721
CAMP183,YouTube,Gaming,Mega,3649228,46366,5545,3169,1.73,1688360.0,2815281.04,68,4,0.6675
CAMP184,TikTok,Fashion,Macro,140809,2388,256,98,1.77,431224.0,604191.78,45,6,0.4011
CAMP185,TikTok,Fashion,Micro,85060,3034,233,95,3.89,64131.0,108493.68,64,9,0.6918
CAMP186,TikTok,Fashion,Macro,816756,11060,395,311,1.88,167178.0,378733.87,87,14,1.2655
CAMP187,Instagram,Fitness,Macro,151226,5491,576,130,3.98,405905.0,566398.72,89,11,0.3954
CAMP188,Instagram,Travel,Micro,23224,1547,130,22,7.72,31923.0,82913.04,70,11,1.5973
CAMP189,TikTok,Fitness,Micro,50738,2360,95,80,6.42,62591.0,127085.69,50,13,1.0304
CAMP190,TikTok,Travel,Nano,2063,183,7,5,10.58,5701.0,13945.19,35,2,1.4461
CAMP191,Twitter,Fitness,Nano,5324,377,42,29,8.37,4780.0,12682.05,65,11,1.6531
CAMP192,YouTube,Fitness,Macro,104263,1790,162,88,2.29,203765.0,380025.91,77,7,0.865
CAMP193,Instagram,Beauty,Mega,3421212,73704,7712,2529,2.19,642180.0,1250481.92,15,6,0.9472
CAMP194,TikTok,Food,Micro,18577,559,61,28,3.15,75948.0,167258.3,12,2,1.2023
CAMP195,Instagram,Fitness,Micro,18070,1245,101,25,7.65,59283.0,126419.61,35,8,1.1325
CAMP196,Twitter,Beauty,Micro,18666,1010,77,41,6.45,48002.0,91208.85,64,7,0.9001
CAMP197,TikTok,Tech,Macro,324137,6460,444,348,2.42,367516.0,480688.8,23,11,0.3079
CAMP198,YouTube,Food,Macro,552268,13300,778,588,2.69,345786.0,497529.27,22,5,0.4388
CAMP199,TikTok,Fitness,Macro,397881,9759,674,372,2.84,340220.0,1008288.84,9,12,1.9636
CAMP200,TikTok,Gaming,Macro,463476,10992,1095,875,3.3,376208.0,875764.01,27,5,1.3279
